avant-garde,Kraftwerk,Trans
avant-garde,Kraftwerk,Autobahn
avant-garde,Kraftwerk,The Man
avant-garde,Kraftwerk,Tour de France
avant-garde,Kraftwerk,Radio
avant-garde,Brian Eno,Drums Between the Bells
avant-garde,Brian Eno,Another Green World
avant-garde,Jean Michel Jarre,Oxygène
avant-garde,Brian Eno,Panic of Looking
avant-garde,David Byrne,My Life in the Bush of Ghosts
avant-garde,Kraftwerk,Computer World
avant-garde,Brian Eno,Ambient 4: On Land
avant-garde,Harold Budd,Ambient 2: The Plateaux of Mirror
avant-garde,Brian Eno,Apollo: Atmospheres & Soundtracks
avant-garde,Brian Eno,Ambient 1: Music for Airports
avant-garde,Mike Oldfield,Ommadawn
avant-garde,Harold Budd,The Pearl
avant-garde,Brian Eno,Music for Films
avant-garde,Absolute Ensemble,Absolute Zawinul
avant-garde,Tangerine Dream,Rubycon
avant-garde,Brian Eno,Neroli
avant-garde,Kitaro,The Light of the Spirit
avant-garde,Jean Michel Jarre,The Concerts in China
avant-garde,Cluster,Cluster & Eno
avant-garde,John Cale,Wrong Way Up
avant-garde,Jean Michel Jarre,Les Chants Magnetiques
avant-garde,Jean Michel Jarre,En Attendant Cousteau
avant-garde,Loren Connors,Red Mars
avant-garde,Marc Ribot,Silent Movies
avant-garde,Philip Glass,Philip Glass: Einstein on the Beach
avant-garde,Jean Michel Jarre,The Essential Jean Michel Jarre
avant-garde,Brian Eno,Fourth World, Vol. 1: Possible Musics
avant-garde,Hauschka,Abandoned City
avant-garde,Tangerine Dream,Phaedra
avant-garde,Kitaro,Tenku
avant-garde,Tangerine Dream,Poland: The Warsaw Concert
avant-garde,Klaus Schulze,Moondawn
avant-garde,Tangerine Dream,Ricochet
avant-garde,Grateful Dead,Grayfolded
avant-garde,Scott Walker,Bish Bosch
avant-garde,John Zorn,The Goddess: Music for the Ancient of Days
avant-garde,John Zorn,Mount Analogue
avant-garde,John Zorn,The Gnostic Preludes: Music of Splendor
avant-garde,Philip Glass,Philip Glass: Music in Twelve Parts
avant-garde,Tangerine Dream,Stratosfear
avant-garde,Philip Glass,Steve Reich: Four Organs; Phase Patterns
avant-garde,Brian Eno,January 07003: Bell Studies for the Clock of the Long Now
avant-garde,Steve Reich,Steve Reich: Early Works
avant-garde,Tangerine Dream,Tournado: Live in Europe
avant-garde,Tangerine Dream,Turn of the Tides
avant-garde,Fred Frith,Allies
avant-garde,Jason Urick,I Love You
avant-garde,Klaus Schulze,X
avant-garde,Bill Laswell,Book of Exit: Dub Chamber 4
blues,Albert King,In Session
blues,Stevie Ray Vaughan,Couldn't Stand the Weather
blues,The Allman Brothers Band,Brothers and Sisters
blues,Jimi Hendrix,Blues
blues,Led Zeppelin,Led Zeppelin
blues,Led Zeppelin,Led Zeppelin II
blues,Led Zeppelin,Led Zeppelin III
blues,The Rolling Stones,The Rolling Stones, Now!
blues,The Rolling Stones,Singles Collection: The London Years
blues,The Rolling Stones,12 X 5
blues,The Rolling Stones,Out of Our Heads
blues,The Rolling Stones,Through the Past, Darkly: Big Hits, Vol. 2
blues,The Rolling Stones,The Rolling Stones (England's Newest Hit Makers)
blues,The Rolling Stones,Big Hits (High Tide and Green Grass)
blues,The Rolling Stones,Hot Rocks: 1964
blues,The Rolling Stones,Forty Licks
blues,Double Trouble,Texas Flood
blues,B.B. King,Live at the Regal
blues,The Rolling Stones,More Hot Rocks (Big Hits and Fazed Cookies)
blues,Stevie Ray Vaughan,In Step
blues,The Allman Brothers Band,Eat a Peach
blues,John Mayall,Bluesbreakers with Eric Clapton
blues,The Allman Brothers Band,S.U.N.Y. at Stonybrook: Stonybrook, NY 9/19/71
blues,Gregg Allman,Low Country Blues
blues,B.B. King,Live in Cook County Jail
blues,Double Trouble,The Sky Is Crying
blues,B.B. King,One Kind Favor
blues,The Allman Brothers Band,The Allman Brothers Band
blues,The Allman Brothers Band,Play All Night: Live at the Beacon Theater 1992
blues,Robert Cray,Cookin' in Mobile
blues,B.B. King,The Best of B.B. King [1973 MCA]
blues,Jeff Beck,Beck
blues,Fleetwood Mac,Then Play On
blues,B.B. King,The Blues
blues,Ray Charles,Singular Genius: The Complete ABC Singles
blues,B.B. King,King of the Blues
blues,Jeff Beck,Truth
blues,Eric Clapton,Riding with the King
blues,Led Zeppelin,Led Zeppelin IV
blues,B.B. King,Singin' the Blues/The Blues
blues,B.B. King,Reflections
blues,B.B. King,Completely Well
blues,Elvis Costello,The River in Reverse
blues,The Rolling Stones,Singles 1965
blues,The Rolling Stones,Singles 1963
blues,Muddy Waters,Folk Singer
blues,B.B. King,Do the Boogie! B.B. King's Early '50s Classics
blues,Stevie Ray Vaughan,The Essential Stevie Ray Vaughan and Double Trouble
blues,Eric Clapton,Just One Night
blues,B.B. King,The Best of the Early Years
blues,The Rolling Stones,The Rolling Stones Rock and Roll Circus
blues,Ben Harper,Get Up!
blues,B.B. King,The Soul of B.B. King [Expanded]
blues,B.B. King,The Great B.B. King [Ace]
blues,B.B. King,Live in Japan
blues,The Rolling Stones,The Rolling Stones No. 2
blues,B.B. King,The Vintage Years
blues,Gary Clark, Jr.,Blak and Blu
blues,The Allman Brothers Band,Beginnings
blues,B.B. King,King of the Blues [Box]
blues,B.B. King,Indianola Mississippi Seeds
blues,Stevie Ray Vaughan,Live from Austin, Texas
blues,Bonnie Raitt,Slipstream
blues,Stevie Ray Vaughan,Greatest Hits
blues,B.B. King,Lucille
blues,B.B. King,Original Greatest Hits
blues,B.B. King,Anthology
blues,B.B. King,The Best of the Kent Singles 1958
blues,Stevie Ray Vaughan,The Real Deal: Greatest Hits, Vol. 2
blues,B.B. King,Blues Is King [MCA]
blues,Stevie Ray Vaughan,Live at Carnegie Hall
blues,Muddy Waters,At Newport
country,Taylor Swift,Fearless
country,Taylor Swift,Speak Now
country,Toby Keith,35 Biggest Hits
country,Willie Nelson,Stardust
country,Johnny Cash,The Million Dollar Quartet
country,Elvis Costello,National Ransom
country,Toby Keith,That Don't Make Me a Bad Guy
country,Johnny Cash,The Greatest: The Number Ones
country,Johnny Cash,At Folsom Prison
country,Johnny Cash,Johnny Cash at San Quentin
country,Dolly Parton,The Essential Dolly Parton
country,John Hiatt,Bring the Family
country,Willie Nelson,Shotgun Willie
country,John Hiatt,Collected
country,Johnny Cash,Bootleg, Vol. 4: The Soul of Truth
country,The Jayhawks,Hollywood Town Hall
country,Johnny Cash,American Recordings
country,Willie Nelson,Greatest Hits (& Some That Will Be)
country,Willie Nelson,Phases and Stages
country,Reba McEntire,50 Greatest Hits
country,Willie Nelson,Red Headed Stranger
country,Willie Nelson,Yesterday's Wine
country,Rosanne Cash,The River & the Thread
country,Trace Adkins,The King's Gift
country,Toby Keith,Shock'n Y'All
country,Willie Nelson,The Troublemaker
country,Willie Nelson,Across the Borderline
country,Toby Keith,Pull My Chain
country,Bruce Springsteen,We Shall Overcome: The Seeger Sessions
country,Dolly Parton,9 to 5 and Odd Jobs
country,Johnny Cash,Johnny Cash with His Hot and Blue Guitar
country,Willie Nelson,The Essential Willie Nelson [Columbia]
country,George Jones,The Hits...Then 'Til Now
country,George Jones,The Grand Tour/Alone Again
country,Johnny Cash,The Fabulous Johnny Cash
country,John Hiatt,Slow Turning
country,Toby Keith,How Do You Like Me Now?!
country,Willie Nelson,Spirit
country,The Nitty Gritty Dirt Band,Will the Circle Be Unbroken
country,Emmylou Harris,All I Intended to Be
country,Willie Nelson,The Collection: Red Headed Stranger/Stardust/Always on My Mind
country,Dolly Parton,Hungry Again
country,George Jones,The Complete United Artists Solo Singles
country,Willie Nelson,Teatro
country,Willie Nelson,16 Biggest Hits
country,Willie Nelson,San Antonio Rose
country,Willie Nelson,To Lefty from Willie
country,Willie Nelson,The Very Best of Willie Nelson
country,Willie Nelson,Nite Life: Greatest Hits and Rare Tracks, 1959
country,Alan Jackson,Thirty Miles West
country,Johnny Cash,The Essential Johnny Cash
country,Toby Keith,20th Century Masters: The Millennium Collection: Best of Toby Keith
country,Willie Nelson,Revolutions of Time: The Journey 1975
country,Paul Franklin,Bakersfield
country,Willie Nelson,The Essential Willie Nelson [RCA]
country,Dolly Parton,Coat of Many Colors
country,Willie Nelson,Run That By Me One More Time
country,Jerry Lee Lewis,The Essential Jerry Lee Lewis: The Sun Sessions
country,Toby Keith,Greatest Hits, Vol. 1
country,Toby Keith,Dream Walkin'
easy-listening,Bob James,Two of a Kind
easy-listening,Josh Groban,Illuminations
easy-listening,Kenny G,The Moment
easy-listening,Perry Como,Complete RCA Christmas Collection
easy-listening,Chris Botti,To Love Again: The Duets
easy-listening,Kenny G,Duotones
easy-listening,Henry Mancini,Breakfast at Tiffany's [Music from the Motion Picture Score]
easy-listening,Kenny G,At Last...The Duets Album
easy-listening,Josh Groban,Closer
easy-listening,Doris Day,It's Magic [Bear Family]
easy-listening,Josh Groban,Awake
easy-listening,Candy Dulfer,Candy Store
easy-listening,Herb Alpert,South of the Border
easy-listening,Lee Ritenour,This Is Love
easy-listening,Lee Ritenour,Wes Bound
easy-listening,Kenny G,Classics in the Key of G
easy-listening,Chris Botti,The Very Best of Chris Botti
easy-listening,Yma Sumac,Voice of the Xtabay
easy-listening,Herb Alpert,Passion Dance
easy-listening,Kenny G,Ultimate Kenny G
easy-listening,Il Divo,The Greatest Hits
easy-listening,Lee Ritenour,Rio
easy-listening,Henry Mancini,A Merry Mancini Christmas
easy-listening,Herb Alpert,Rise
easy-listening,Paul Anka,Anka/Feelings
easy-listening,Lee Ritenour,Festival
easy-listening,Lee Ritenour,Portrait
electronic,Björk,Björk's Greatest Hits
electronic,Kraftwerk,Trans
electronic,Air,Moon Safari
electronic,Kraftwerk,Autobahn
electronic,The Prodigy,The Fat of the Land
electronic,Kraftwerk,The Man
electronic,Kraftwerk,Tour de France
electronic,Kraftwerk,Radio
electronic,Primal Scream,Screamadelica
electronic,The Chemical Brothers,Brotherhood
electronic,Kylie Minogue,Kiss Me Once
electronic,Air,Le Voyage Dans la Lune (A Trip to the Moon)
electronic,Erasure,The Innocents
electronic,Jamiroquai,Emergency on Planet Earth
electronic,DJ Shadow,The Less You Know, The Better
electronic,Major Lazer,Free the Universe
electronic,Björk,Homogenic
electronic,Björk,Debut
electronic,Saint Etienne,Tiger Bay
electronic,Brian Eno,Drums Between the Bells
electronic,Michael Jackson,The Ultimate Collection [Sony/Epic]
electronic,Madonna,The Immaculate Collection
electronic,Seal,Hits
electronic,Morcheeba,Blood Like Lemonade
electronic,Björk,Vespertine
electronic,Björk,Post
electronic,Brian Eno,Small Craft on a Milk Sea
electronic,Kraftwerk,The Catalogue
electronic,Jean Michel Jarre,Oxygène
electronic,Brian Eno,Panic of Looking
electronic,Jamiroquai,Travelling Without Moving
electronic,Depeche Mode,Barrel of a Gun
electronic,Depeche Mode,Enjoy the Silence
electronic,Gloria Estefan,Greatest Hits
electronic,Björk,Drawing Restraint 9
electronic,Björk,Volta
electronic,DJ Shadow,Endtroducing...
electronic,Kraftwerk,Computer World
electronic,The Chemical Brothers,Dig Your Own Hole
electronic,Air,Talkie Walkie
electronic,Brian Eno,Ambient 4: On Land
electronic,Harold Budd,Ambient 2: The Plateaux of Mirror
electronic,Brian Eno,Apollo: Atmospheres & Soundtracks
electronic,Massive Attack,Blue Lines
electronic,Madonna,Vogue
electronic,Kylie Minogue,Hits +
electronic,Massive Attack,Protection
electronic,Kylie Minogue,K25: Time Capsule
electronic,Brian Eno,Ambient 1: Music for Airports
electronic,Michael Jackson,Gold
electronic,Depeche Mode,The Singles 81>85
electronic,Björk,Medúlla
electronic,The Prodigy,Experience
electronic,Massive Attack,Mezzanine
electronic,The Orb,The Orbserver in the Star House
electronic,Harold Budd,The Pearl
electronic,Björk,Telegram
electronic,Daft Punk,Alive 2007
electronic,Massive Attack,Collected
electronic,Depeche Mode,Walking in My Shoes
electronic,Depeche Mode,In Your Room
electronic,The Prodigy,Music for the Jilted Generation
electronic,Brian Eno,Discreet Music
folk,Bob Dylan,Dylan [2007]
folk,Bob Dylan,The Original Mono Recordings
folk,Bob Dylan,The Essential Bob Dylan
folk,Bob Dylan,Highway 61 Revisited
folk,Bob Dylan,Another Side of Bob Dylan
folk,Bob Dylan,The Freewheelin' Bob Dylan
folk,Bob Dylan,The Bootleg Series, Vol. 9: The Witmark Demos: 1962
folk,Bob Dylan,Bringing It All Back Home
folk,Bob Dylan,The Times They Are A
folk,Bob Dylan,Bob Dylan's Greatest Hits
folk,Simon & Garfunkel,Bridge Over Troubled Water
folk,Bob Dylan,The Best of Bob Dylan [Sony/BMG 2005]
folk,Bob Dylan,Bob Dylan
folk,Bob Dylan,The Bootleg Series, Vol. 4: The "Royal Albert Hall" Concert
folk,Bob Dylan,Bob Dylan's Greatest Hits, Vol. 2
folk,Bob Dylan,The Bootleg Series, Vols. 1
folk,Bob Dylan,Biograph
folk,Robert Plant,Band of Joy
folk,Bob Dylan,Bob Dylan's Greatest Hits, Vol. 3
folk,Bob Dylan,The Bootleg Series, Vol. 6: Bob Dylan Live 1964
folk,Rosanne Cash,The River & the Thread
folk,Alison Krauss,Paper Airplane
folk,Billy Bragg,Life's a Riot with Spy vs Spy
folk,Bob Dylan,The Best of Bob Dylan, Vol. 2
folk,Bruce Springsteen,We Shall Overcome: The Seeger Sessions
folk,The Nitty Gritty Dirt Band,Will the Circle Be Unbroken
folk,Bob Dylan,The Other Side of the Mirror: Live at Newport Folk Festival 1963
folk,The Byrds,Mr. Tambourine Man
folk,Loreena McKennitt,The Wind That Shakes the Barley
folk,Bob Dylan,The Freewheelin' Outtakes: The Columbia Sessions, NYC, 1962
folk,Nick Drake,Five Leaves Left
folk,Bob Dylan,The Collection: Another Side of Bob Dylan/Bringing It All Back Home/Highway 61 Revisited
folk,Bob Dylan,Freewheelin' Bob Dylan/Times They Are A
folk,Bob Dylan,Greatest Hits [UK]
folk,Leonard Cohen,Live in London
folk,Bob Dylan,Bob Dylan [Limited Edition Hybrid SACD Set]
folk,Nick Drake,Bryter Layter
folk,Townes Van Zandt,Legend: The Very Best of Townes Van Zant
folk,John Martyn,Live at Leeds
folk,Nick Drake,Pink Moon
folk,Bob Dylan,The Collection, Vol. 2: Freewheelin' Bob Dylan/Times They Are A
folk,Bruce Cockburn,Anything Anytime Anywhere (Singles 1979
folk,Bob Dylan,Live at Carnegie Hall 1963
folk,Bob Dylan,The Bootleg Series, Vol. 7: No Direction Home
folk,The Incredible String Band,The Hangman's Beautiful Daughter
folk,Dolly Parton,The Grass Is Blue
folk,Steve Earle,The Mountain
folk,Leonard Cohen,Songs of Leonard Cohen
folk,Bob Dylan,Live: 1961
folk,Bob Dylan,Blonde on Blonde/Blood on the Tracks/Time Out of Mind
folk,Bob Dylan,The Very Best of Bob Dylan [2000]
folk,Bruce Cockburn,The Charity of Night
folk,Richard Thompson,Shoot Out the Lights
folk,Lucinda Williams,Lucinda Williams
folk,Dar Williams,In the Time of Gods
folk,Bruce Cockburn,Stealing Fire
folk,Bob Dylan,Masterpieces
folk,Leonard Cohen,Songs of Love and Hate
folk,The Low Anthem,Oh My God, Charlie Darwin
folk,Bruce Cockburn,Life Short Call Now
folk,Billy Bragg,Don't Try This at Home
folk,The Incredible String Band,The 5000 Spirits or the Layers of the Onion
folk,Loreena McKennitt,Elemental
international,Paul Simon,Graceland
international,George Harrison,Collaborations
international,Antonio Carlos Jobim,Francis Albert Sinatra & Antonio Carlos Jobim
international,Paul Simon,Songwriter
international,Fela Kuti,Koola Lobitos/The '69 Los Angeles Sessions
international,Enya,The Very Best of Enya
international,Yo,Yo Ma
international,Marcos Valle,Previsão do Tempo
international,Stan Getz,Getz/Gilberto
international,Charlie Byrd,Jazz Samba
international,Amadou & Mariam,Folila
international,The Chieftains,Irish Heartbeat
international,Marcos Valle,Garra
international,Fela Kuti,Zombie
international,Stan Getz,Big Band Bossa Nova
international,Stan Getz,The Complete Columbia Albums Collection
international,Loreena McKennitt,Parallel Dreams
international,Loreena McKennitt,The Visit
international,Paul Simon,The Rhythm of the Saints
international,Loreena McKennitt,Live in Paris and Toronto
international,Loreena McKennitt,The Mask and Mirror
international,Fela Kuti,Music Is the Weapon [DVD]
international,Stan Getz,The Best of Two Worlds
international,Astor Piazzolla,Love Tanguedia
international,Fela Kuti,Box Set, Vol. 2
international,Fela Kuti,Box Set, Vol. 1
international,Stan Getz,Stan Getz with Guest Artist Laurindo Almeida
international,Marcos Valle,Vento Sul
international,Paul Simon,The Essential Paul Simon
international,Ofra Haza,Yemenite Songs
international,Stan Getz,Getz/Gilberto #2
international,Enya,Paint the Sky with Stars: The Best of Enya
international,Harry Belafonte,Sing Your Song [Original Motion Picture Soundtrack]
international,The Chieftains,The Long Black Veil
international,Stan Getz,Getz au Go Go
international,Stan Getz,West Coast Jazz
international,Al di Meola,Passion, Grace & Fire
international,Enya,Watermark
international,Antonio Carlos Jobim,Wave
international,Fela Kuti,The Best of the Black President
international,Fela Kuti,Shakara/London Scene
international,Astor Piazzolla,Tango: Zero Hour
international,Amadou & Mariam,Dimanche a Bamako
international,Enya,Shepherd Moons
international,Morelenbaum²,Morelenbaum 2/Sakamoto: Casa
international,Fela Kuti,Underground System
international,Luiz Bonfá,Jazz Samba Encore!
international,Fela Kuti,Original Suffer Head/I.T.T.
international,Fela Kuti,Shuffering and Shmiling/No Agreement
international,Harry Belafonte,The Very Best of Harry Belafonte
international,Astrud Gilberto,The Astrud Gilberto Album
jazz,Miles Davis,Kind of Blue
jazz,Miles Davis,Bitches Brew
jazz,Frank Sinatra,September of My Years
jazz,Frank Sinatra,Nothing But the Best: The Frank Sinatra Collection
jazz,Pat Metheny,American Garage
jazz,Wynton Marsalis,Two Men with the Blues
jazz,Miles Davis,Birth of the Cool
jazz,Miles Davis,Milestones
jazz,Miles Davis,Sketches of Spain
jazz,Miles Davis,Steamin' with the Miles Davis Quintet
jazz,Miles Davis,In a Silent Way
jazz,Miles Davis,Relaxin' with the Miles Davis Quintet
jazz,Miles Davis,Miles Ahead
jazz,Miles Davis,Workin' with the Miles Davis Quintet
jazz,Frank Sinatra,In the Wee Small Hours
jazz,Frank Sinatra,Only the Lonely
jazz,Frank Sinatra,Sinatra at the Movies
jazz,Miles Davis,Nefertiti
jazz,Miles Davis,Live in Europe 1967: The Bootleg Series, Vol. 1
jazz,Miles Davis,Live in Europe 1969: The Bootleg Series, Vol. 2
jazz,Miles Davis,Miles Davis and the Modern Jazz Giants
jazz,Miles Davis,Walkin'
jazz,Miles Davis,In Person: Friday and Saturday Nights at the Blackhawk, Complete
jazz,Miles Davis,Seven Steps to Heaven
jazz,Miles Davis,In Person: Friday Night at the Blackhawk
jazz,Miles Davis,E.S.P.
jazz,Miles Davis,Cookin' with the Miles Davis Quintet
jazz,Frank Sinatra,The Essential Frank Sinatra: The Columbia Years [2
jazz,Miles Davis,Miles Smiles
jazz,Miles Davis,The Complete Columbia Album Collection
jazz,Miles Davis,Porgy and Bess
jazz,Miles Davis,On the Corner
jazz,Miles Davis,Bags' Groove
jazz,Miles Davis,'Round About Midnight
jazz,Miles Davis,Sorcerer
jazz,Miles Davis,Live Around the World
jazz,Miles Davis,Four & More
jazz,Miles Davis,A Tribute to Jack Johnson
jazz,Duke Ellington,Duke Ellington Meets Coleman Hawkins
jazz,Miles Davis,My Funny Valentine
jazz,Miles Davis,Collectors' Items
jazz,Frank Sinatra,Songs for Swingin' Lovers!
jazz,Miles Davis,Someday My Prince Will Come
jazz,Miles Davis,Miles Davis, Vol. 2
jazz,Tony Bennett,All Time Greatest Hits
jazz,Frank Sinatra,Nice 'n' Easy
jazz,John Coltrane,Duke Ellington & John Coltrane
jazz,Pat Metheny,Offramp
jazz,Miles Davis,The Essential Miles Davis [Columbia/Legacy]
jazz,Miles Davis,Ascenseur Pour l'Échafaud
jazz,Louis Armstrong,The Great Summit: Complete Louis Armstrong
jazz,Frank Sinatra,Come Dance with Me!
jazz,Miles Davis,Filles de Kilimanjaro
jazz,Count Basie,Sinatra At the Sands
jazz,Frank Sinatra,The V
jazz,Miles Davis,Live
jazz,Duke Ellington,Ellington Uptown
jazz,John McLaughlin,The Promise
jazz,Diana Krall,The Very Best of Diana Krall
jazz,Ornette Coleman,Something Else: The Music of Ornette Coleman
jazz,Frank Sinatra,Special 3 CD Collection
jazz,Frank Sinatra,A Swingin' Affair!
jazz,Miles Davis,The Collection: Sketches of Spain/Kind of Blue/In a Silent Way
jazz,Pat Metheny,Unity Band
jazz,Frank Sinatra,Where Are You?
jazz,Miles Davis,Miles Davis in Europe
jazz,Miles Davis,Jazz at the Plaza, Vol. 1
jazz,Miles Davis,Miles in Tokyo
jazz,Joe Lovano,Symphonica
jazz,Pat Metheny,Pat Metheny Group
jazz,Norah Jones,Come Away with Me
jazz,Diana Krall,Love Scenes
jazz,John Coltrane,The Best of Miles Davis & John Coltrane: 1955
jazz,Miles Davis,Amandla
jazz,Miles Davis,Miles Davis, Vol. 1
jazz,Duke Ellington,Side by Side
jazz,Miles Davis,Agharta
jazz,Miles Davis,Pangaea
latin,Enrique Iglesias,Greatest Hits
latin,Gloria Estefan,90 Millas
latin,Rosemary Clooney,A Touch of Tabasco
latin,Shakira,She Wolf
latin,Rubén Blades,Siembra
latin,Gloria Estefan,Mí Tierra
latin,Paulina Rubio,Gran City Pop
latin,Ricky Martin,17
latin,Gloria Estefan,Greatest Hits
latin,Marcos Valle,Previsão do Tempo
latin,Airto,Fingers
latin,Los Lobos,Kiko
latin,Shakira,MTV Unplugged
latin,Ricky Martin,Ricky Martin [1999]
latin,Shakira,Laundry Service
latin,Willie Colón,Cosa Nuestra
latin,Marcos Valle,Garra
latin,Vinicius Cantuária,Lágrimas Mexicanas
latin,Shakira,Oral Fixation, Vol. 2
latin,Enrique Iglesias,7
latin,Shakira,Dónde Están los Ladrones?
latin,Willie Colón,La Gran Fuga
latin,Gloria Estefan,The Essential Gloria Estefan
latin,Enrique Iglesias,Enrique
latin,Gloria Estefan,Greatest Hits, Vol. II
latin,Gloria Estefan,Let It Loose
latin,Astor Piazzolla,Love Tanguedia
latin,Gloria Estefan,Cuts Both Ways
latin,Ricky Martin,Best of Ricky Martin
latin,Marcos Valle,Vento Sul
latin,Ray Barretto,Acid
latin,Tito Puente,Dance Mania
latin,Shakira,Grandes Exitos
latin,Gloria Estefan,Exitos de Gloria Estefan
latin,Gloria Estefan,Amor y Suerte: Exitos Romanticos
latin,Shakira,Fijación Oral, Vol. 1
latin,Caetano Veloso,A Foreign Sound
latin,Shakira,Pies Descalzos
latin,Al di Meola,Passion, Grace & Fire
latin,Antonio Carlos Jobim,Wave
latin,Astor Piazzolla,Tango: Zero Hour
latin,Morelenbaum²,Morelenbaum 2/Sakamoto: Casa
latin,Shakira,Sale el Sol
latin,Enrique Iglesias,Escape
latin,Laura Pausini,Live Gira Mundial 09
latin,Astrud Gilberto,The Astrud Gilberto Album
latin,Antonio Carlos Jobim,The Composer of Desafinado, Plays
latin,Antonio Carlos Jobim,Stone Flower
latin,Doug Sahm,The Return of Wayne Douglas
latin,Fania All,Stars
latin,Daddy Yankee,Prestige
latin,Willie Colón,Asalto Navideño, Vols. 1
latin,Diana Reyes,Insatisfecha
latin,Larry Harlow,La Raza Latina: A Salsa Suite
latin,Concha Buika,La Noche Más Larga
latin,Caetano Veloso,Caetano Veloso (A Little More Blue)
latin,Caetano Veloso,Caetano Veloso [Tropicália]
latin,Ray Barretto,Ritmo en el Corazon
latin,Alejandro Sanz,No Es lo Mismo
latin,Lila Downs,Shake Away/Ojo de Culebra
latin,Laura Pausini,Escucha
latin,Gloria Estefan,Oye Mi Canto: Los Éxitos
latin,Pérez Prado,Havana, 3 A.M.
latin,Tito Puente,Cuban Carnival
latin,Luis Miguel,El Concierto
latin,Doug Sahm,The Complete Mercury Masters
latin,Antonio Carlos Jobim,Elis & Tom
latin,Milton Nascimento,Courage
latin,Bajofondo,Mar Dulce
latin,Doug Sahm,The Best of Doug Sahm's Atlantic Sessions
latin,Bebe,Pafuera Telarañas
latin,Gloria Estefan,Playlist: The Very Best of Gloria Estefan
new-age,Elvis Presley,Christmas Peace
new-age,Enya,The Very Best of Enya
new-age,Jean Michel Jarre,Oxygène
new-age,Mike Oldfield,Tubular Bells
new-age,Joe Pass,Virtuoso
new-age,Harold Budd,Ambient 2: The Plateaux of Mirror
new-age,Mike Oldfield,Ommadawn
new-age,Yanni,Live at the Acropolis
new-age,Harold Budd,The Pearl
new-age,Mike Oldfield,Hergest Ridge
new-age,Loreena McKennitt,Parallel Dreams
new-age,Mike Oldfield,Music of the Spheres
new-age,Mike Oldfield,Five Miles Out
new-age,Loreena McKennitt,The Visit
new-age,Loreena McKennitt,Live in Paris and Toronto
new-age,Loreena McKennitt,The Mask and Mirror
new-age,Enya,Paint the Sky with Stars: The Best of Enya
new-age,Michael W. Smith,Worship
new-age,Suzanne Ciani,Seven Waves
new-age,Kitaro,The Light of the Spirit
new-age,Enya,Watermark
new-age,Jean Michel Jarre,The Concerts in China
new-age,Vangelis,Odyssey: The Definitive Collection
new-age,Enya,Shepherd Moons
new-age,Mike Oldfield,The Best of Mike Oldfield: Elements
new-age,Jean Michel Jarre,Les Chants Magnetiques
new-age,Yanni,In Celebration of Life
new-age,Yanni,Reflections of Passion
new-age,Vangelis,Blade Runner
new-age,Jean Michel Jarre,En Attendant Cousteau
new-age,Yanni,Ultimate Yanni
new-age,Kitaro,The Best of Ten Years (1976
new-age,Jean Michel Jarre,Images: The Best of Jean Michel Jarre
new-age,Vishwa Mohan Bhatt,A Meeting by the River
new-age,Jean Michel Jarre,Metamorphoses
new-age,Yanni,Keys to Imagination
new-age,Vangelis,The City
new-age,Vangelis,Heaven and Hell
new-age,Yanni,Devotion: The Best of Yanni
new-age,Vangelis,Opera Sauvage
new-age,Jean Michel Jarre,Zoolook
new-age,George Winston,The Velveteen Rabbit
new-age,Jean Michel Jarre,The Essential Jean Michel Jarre
new-age,Yanni,Port of Mystery
new-age,Brian Eno,Fourth World, Vol. 1: Possible Musics
new-age,Yanni,The Very Best of Yanni
new-age,Ryuichi Sakamoto,Beauty
new-age,Jean Michel Jarre,Sessions 2000
new-age,Kitaro,Tenku
new-age,Enya,Only Time: The Collection
new-age,Loreena McKennitt,Nights from the Alhambra
new-age,Kitaro,Dream
new-age,Mike Oldfield,Mike Oldfield Boxed
new-age,Penguin Cafe Orchestra,Penguin Cafe Orchestra
new-age,Medeski, Martin & Wood,It's a Jungle in Here
new-age,Steven Curtis Chapman,Greatest Hits
new-age,Mike Oldfield,Elements: Mike Oldfield 1973
new-age,Dave Grusin,Two Worlds
new-age,Enigma,MCMXC A.D.
new-age,Jon Hassell,Power Spot
new-age,John Tesh,Christmas Worship
new-age,George Winston,December
new-age,Yanni,Private Years
new-age,Mike Oldfield,The Best of Tubular Bells
new-age,Mark Isham,Blue Sun
new-age,Vangelis,Direct
new-age,Jim Brickman,Love Songs and Lullabies
new-age,Mike Oldfield,The Complete
new-age,David Arkenstone,Valley in the Clouds
new-age,Vangelis,Themes
new-age,Vangelis,China
new-age,Jim Brickman,Homecoming
new-age,Clannad,Lore
new-age,Mike Oldfield,Platinum/QE2/Five Miles Out
new-age,Vangelis,Mask
new-age,Penguin Cafe Orchestra,Preludes, Airs & Yodels
new-age,Penguin Cafe Orchestra,Concert Program
new-age,Irene Pappas,Odes
pop-rock,The Rolling Stones,Exile on Main St.
pop-rock,Paul McCartney,Ram
pop-rock,Queen,A Night at the Opera
pop-rock,John Lennon,John Lennon/Plastic Ono Band
pop-rock,John Lennon,Imagine
pop-rock,Paul McCartney,Band on the Run
pop-rock,Queen,Sheer Heart Attack
pop-rock,R.E.M.,Life's Rich Pageant
pop-rock,The Rolling Stones,Get Yer Ya
pop-rock,R.E.M.,Document
pop-rock,Elvis Presley,Elvis Presley [1956]
pop-rock,The Rolling Stones,Some Girls
pop-rock,Jimi Hendrix,Axis: Bold as Love
pop-rock,Jimi Hendrix,Are You Experienced?
pop-rock,Jimi Hendrix,Electric Ladyland
pop-rock,David Bowie,Station to Station
pop-rock,Elvis Presley,Elvis Is Back!
pop-rock,The Beatles,1967
pop-rock,David Bowie,Aladdin Sane
pop-rock,The Beatles,1962
pop-rock,Queen,Queen II
pop-rock,Pearl Jam,Ten
pop-rock,John Lennon,Rock 'n' Roll
pop-rock,Michael Jackson,Bad
pop-rock,R.E.M.,Fables of the Reconstruction
pop-rock,Jimi Hendrix,Smash Hits
pop-rock,John Lennon,Double Fantasy
pop-rock,Paul McCartney,McCartney
pop-rock,Queen,Greatest Hits II
pop-rock,Beastie Boys,Paul's Boutique
pop-rock,John Lennon,Mind Games
pop-rock,Stevie Ray Vaughan,Couldn't Stand the Weather
pop-rock,Pearl Jam,Vs.
pop-rock,Lady Gaga,The Fame Monster
pop-rock,Van Morrison,Moondance
pop-rock,The Beach Boys,Sounds of Summer: The Very Best of the Beach Boys
pop-rock,Jimi Hendrix,First Rays of the New Rising Sun
pop-rock,Pearl Jam,Vitalogy
pop-rock,Bob Dylan,Dylan [2007]
pop-rock,Elton John,Goodbye Yellow Brick Road
pop-rock,Lady Gaga,The Fame
pop-rock,Paul McCartney,Memory Almost Full
pop-rock,Tom Petty,Damn the Torpedoes
pop-rock,Jimi Hendrix,The Jimi Hendrix Experience: BBC Sessions
pop-rock,R.E.M.,Accelerate
pop-rock,Elvis Presley,Elvis Country
pop-rock,Elvis Presley,On Stage
pop-rock,George Michael,Faith
pop-rock,The Beach Boys,Pet Sounds
pop-rock,Bob Dylan,Together Through Life
pop-rock,Blur,The Great Escape
pop-rock,Blur,Parklife
pop-rock,The Allman Brothers Band,Brothers and Sisters
pop-rock,Elvis Presley,Elvis Recorded Live on Stage in Memphis
pop-rock,Paul McCartney,New
pop-rock,Jimi Hendrix,Blues
pop-rock,Led Zeppelin,Led Zeppelin
pop-rock,Led Zeppelin,Led Zeppelin II
pop-rock,Led Zeppelin,Led Zeppelin III
pop-rock,Eric Clapton,MTV Unplugged
pop-rock,Eric Clapton,Slowhand
pop-rock,Tom Petty,Greatest Hits
pop-rock,Norah Jones,The Fall
pop-rock,The Beach Boys,Today!
pop-rock,Paul Simon,Graceland
pop-rock,Blur,Blur
pop-rock,Neil Young,Chrome Dreams II
pop-rock,Bob Dylan,Another Self Portrait (1969
pop-rock,Megadeth,Peace Sells...But Who's Buying?
pop-rock,Billy Joel,Piano Man
pop-rock,Van Morrison,Still on Top: The Greatest Hits
pop-rock,Nirvana,In Utero
pop-rock,Sheryl Crow,Detours
pop-rock,Nirvana,Nevermind
pop-rock,One Direction,Take Me Home
pop-rock,Pink Floyd,The Dark Side of the Moon
pop-rock,Neil Young,Neil Young Archives, Vol. I (1963
pop-rock,Peter Gabriel,So
pop-rock,The Beatles,On Air: Live at the BBC, Vol. 2
pop-rock,John Hiatt,Same Old Man
pop-rock,R.E.M.,Reckoning
pop-rock,The Rolling Stones,Between the Buttons
pop-rock,The Rolling Stones,Let It Bleed
pop-rock,The Rolling Stones,The Rolling Stones, Now!
r-b,Michael Jackson,Thriller
r-b,Michael Jackson,Bad
r-b,Van Morrison,Moondance
r-b,Aretha Franklin,Lady Soul
r-b,Michael Jackson,Off the Wall
r-b,Alicia Keys,Songs in A Minor
r-b,B.B. King,Live at the Regal
r-b,Michael Jackson,The Definitive Collection
r-b,B.B. King,Ladies and Gentlemen… Mr. B.B. King
r-b,Marvin Gaye,What's Going On
r-b,Bee Gees,Number Ones
r-b,Amy Winehouse,Frank
r-b,Christina Aguilera,Keeps Gettin' Better: A Decade of Hits
r-b,Robin Thicke,Something Else
r-b,Boyz II Men,Legacy: The Greatest Hits Collection
r-b,Michael Jackson,The Essential Michael Jackson
r-b,Aretha Franklin,Live at Fillmore West
r-b,Todd Rundgren,Something/Anything?
r-b,Curtis Mayfield,Curtis
r-b,India.Arie,Voyage to India
r-b,Stevie Wonder,Innervisions
r-b,Aretha Franklin,The Great American Songbook
r-b,Stevie Wonder,The Definitive Collection
r-b,Stevie Wonder,Songs in the Key of Life
r-b,Stevie Wonder,Talking Book
r-b,Ne,Yo
r-b,Bo Diddley,Bo Diddley's Beach Party
r-b,Aretha Franklin,I Never Loved a Man the Way I Love You
r-b,Barry White,Let the Music Play
r-b,George Benson,Give Me the Night
r-b,Stevie Wonder,Original Musiquarium I
r-b,Earth, Wind & Fire,The Best of Earth, Wind & Fire, Vol. 1
r-b,Prince,1999
r-b,Isaac Hayes,Hot Buttered Soul
r-b,Michael Jackson,Ben
r-b,Stevie Wonder,Music of My Mind
r-b,Stevie Wonder,Fulfillingness' First Finale
r-b,Earth, Wind & Fire,Gratitude
r-b,Earth, Wind & Fire,That's the Way of the World
r-b,Stevie Wonder,Hotter Than July
r-b,Tina Turner,Tina!
r-b,Jamiroquai,The Return of the Space Cowboy
r-b,Christina Aguilera,Back to Basics
r-b,Usher,Confessions
r-b,Whitney Houston,Whitney Houston
r-b,Isaac Hayes,Shaft
r-b,The Staple Singers,Be Altitude: Respect Yourself
r-b,Cee Lo Green,The Lady Killer
r-b,Jamiroquai,Emergency on Planet Earth
r-b,Babyface,For the Cool in You
r-b,Earth, Wind & Fire,The Columbia Masters
r-b,Van Morrison,The Best of Van Morrison [Mercury]
r-b,B.B. King,The Blues
r-b,Al Green,The Love Songs Collection
r-b,Michael Jackson,Number Ones
r-b,Gladys Knight,Gold
r-b,Isaac Hayes,Essential Albums
r-b,Van Morrison,Into the Music
r-b,Beyoncé,I Am...Yours: An Intimate Performance at Wynn Las Vegas
r-b,Marvin Gaye,Let's Get It On
r-b,George Michael,Ladies & Gentlemen: The Best of George Michael
r-b,Herbie Hancock,Head Hunters
r-b,The Supremes,I Hear a Symphony
rap,Beastie Boys,Paul's Boutique
rap,Lil Jon,Crunk Juice
rap,Nas,Illmatic
rap,Kanye West,My Beautiful Dark Twisted Fantasy
rap,Master P,Ghetto D
rap,Ice Cube,Death Certificate
rap,Eminem,Relapse
rap,Beastie Boys,Check Your Head
rap,Snoop Dogg,Malice N Wonderland
rap,B.o.B,B.o.B Presents: The Adventures of Bobby Ray
rap,Beastie Boys,Hello Nasty
rap,Drake,Take Care
rap,Beastie Boys,Licensed to Ill
rap,Beastie Boys,Solid Gold Hits
rap,Beastie Boys,Ill Communication
rap,Jay,Z
rap,Boogie Down Productions,Criminal Minded
rap,Eminem,The Marshall Mathers LP 2
rap,Snoop Dogg,Doggystyle
rap,Snoop Dogg,R&G (Rhythm & Gangsta): The Masterpiece
rap,Jay,Z
rap,Rick Ross,Mastermind
rap,Kid Cudi,Man on the Moon: The End of Day
rap,Beastie Boys,Beastie Boys Anthology: The Sounds of Science
rap,DJ Shadow,The Less You Know, The Better
rap,Snoop Dogg,Tha Blue Carpet Treatment
rap,Ghostface Killah,Ironman
rap,Rick Ross,Deeper Than Rap
rap,EPMD,Strictly Business
rap,Kanye West,Late Registration
rap,Eminem,The Marshall Mathers LP
rap,T.I.,King
rap,N.W.A,Straight Outta Compton
rap,Eminem,The Slim Shady LP
rap,Eminem,Curtain Call: The Hits
rap,Eazy,E
rap,Snoop Dogg,Paid tha Cost to Be Da Bo$$
rap,Method Man,Blackout! Vol. 2
rap,Public Enemy,It Takes a Nation of Millions to Hold Us Back
rap,Cypress Hill,Black Sunday
rap,Pitbull,El Mariel
rap,Jay,Z
rap,DJ Shadow,Reconstructed: The Best of DJ Shadow
rap,Nas,Nas
rap,LL Cool J,Mama Said Knock You Out
rap,Game,The R.E.D. Album
rap,Lil Wayne,500 Degreez
rap,Lil Wayne,Tha Carter II
rap,Kanye West,Graduation
rap,Gorillaz,The Singles Collection 2001
rap,Furious Five,The Message
rap,Jay,Z
rap,Tha Eastsidaz,Tha Eastsidaz
rap,Ice Cube,AmeriKKKa's Most Wanted
rap,Beastie Boys,Video Anthology
rap,Scarface,Emeritus
rap,T.I.,Trap Muzik
rap,Q,Tip
rap,2Pac,Me Against the World
rap,Eminem,The Eminem Show
rap,Ol' Dirty Bastard,Return to the 36 Chambers: The Dirty Version
rap,Nas,Essential
rap,2Pac,All Eyez on Me
rap,Cypress Hill,Cypress Hill
rap,Biz Markie,The Biz Never Sleeps
rap,50 Cent,Get Rich or Die Tryin'
rap,Eminem,8 Mile
rap,Gucci Mane,The State vs. Radric Davis
rap,The Roots,Undun
rap,Kanye West,The College Dropout
rap,Curren$y,The Stoned Immaculate
rap,Common,Like Water for Chocolate
stage-screen,Tony Bennett,All Time Greatest Hits
stage-screen,Bob Dylan,I'm Not There [Original Soundtrack]
stage-screen,Snoop Dogg,Murder Was the Case
stage-screen,Danny Elfman,Terminator: Salvation [Original Soundtrack]
stage-screen,Tony Bennett,The Essential Tony Bennett [Columbia/Legacy]
stage-screen,Danny Elfman,Tim Burton's The Nightmare Before Christmas [Original Motion Picture Soundtrack]
stage-screen,Danny Elfman,Alice in Wonderland [Original Score]
stage-screen,Isaac Hayes,Shaft
stage-screen,Danny Elfman,Frankenweenie [Original Score]
stage-screen,James Horner,Titanic [Original Motion Picture Soundtrack]
stage-screen,Tony Bennett,Snowfall: The Tony Bennett Christmas Album
stage-screen,Barbra Streisand,Release Me
stage-screen,Bee Gees,Saturday Night Fever [Original Movie Soundtrack]
stage-screen,Frank Sinatra,The Complete Reprise Studio Recordings
stage-screen,Duke Ellington,The Duke: The Essential Recordings (1927
stage-screen,Frank Sinatra,Concepts
stage-screen,Willie Nelson,Honeysuckle Rose
stage-screen,Sonny Rollins,Alfie [Original Music from the Score]
stage-screen,Frank Sinatra,The Complete Capitol Singles Collection
stage-screen,Frank Sinatra,Sings the Select Rodgers & Hart
stage-screen,Wynton Marsalis,The Original Soundtrack from "Tune in Tomorrow"
stage-screen,Andrew Lloyd Webber,Jesus Christ Superstar
stage-screen,Peter Gabriel,Birdy
stage-screen,Barbra Streisand,The Broadway Album
stage-screen,Danny Elfman,Batman [Original Motion Picture Score]
stage-screen,Frank Sinatra,The Voice: The Columbia Years (1943
stage-screen,Danny Elfman,Edward Scissorhands [Original Motion Picture Soundtrack]
stage-screen,Pat Metheny,The Falcon and the Snowman
stage-screen,Danny Elfman,Beetlejuice
stage-screen,Pat Metheny,A Map of the World
stage-screen,Elton John,The Road to El Dorado
stage-screen,Danny Elfman,Flubber [Original Score]
stage-screen,Sonic Youth,Simon Werner a Disparu
stage-screen,Barbra Streisand,Just for the Record...
stage-screen,Lena Horne,The Essential Lena Horne
stage-screen,Prince,Girl 6 [Original Soundtrack]
stage-screen,Lena Horne,Lena Horne Sings: The M
stage-screen,Cole Porter,High Society
stage-screen,Count Basie,Bennett & Basie Strike Up the Band
stage-screen,Barbra Streisand,Funny Girl (Original Soundtrack Recording)
stage-screen,Danny Elfman,Sleepy Hollow [Original Soundtrack]
stage-screen,Henry Mancini,Breakfast at Tiffany's [Music from the Motion Picture Score]
stage-screen,Danny Elfman and the Mystic Knights of the Oingo,Forbidden Zone
stage-screen,Curtis Mayfield,Super Fly [Original Soundtrack]
stage-screen,Vangelis,Chariots of Fire [Original Score]
vocal,Frank Sinatra,September of My Years
vocal,Frank Sinatra,Nothing But the Best: The Frank Sinatra Collection
vocal,Frank Sinatra,Sinatra: Best of the Best
vocal,Dean Martin,Dino: The Essential Dean Martin
vocal,Wynton Marsalis,Two Men with the Blues
vocal,Frank Sinatra,Come Fly with Me
vocal,Frank Sinatra,In the Wee Small Hours
vocal,Frank Sinatra,Only the Lonely
vocal,Frank Sinatra,Sinatra at the Movies
vocal,Count Basie,The Complete Reprise Studio Recordings
vocal,Frank Sinatra,Songs for Swingin' Lovers!
vocal,Miles Davis,Someday My Prince Will Come
vocal,Tony Bennett,All Time Greatest Hits
vocal,Frank Sinatra,Nice 'n' Easy
vocal,Louis Armstrong,The Great Summit: Complete Louis Armstrong
vocal,Frank Sinatra,Come Dance with Me!
vocal,Count Basie,Sinatra At the Sands
vocal,Frank Sinatra,The V
vocal,Frank Sinatra,Special 3 CD Collection
vocal,Frank Sinatra,A Swingin' Affair!
vocal,Frank Sinatra,Where Are You?
vocal,Diana Krall,Love Scenes
vocal,Frank Sinatra,Songs for Young Lovers & Swing Easy
vocal,Tony Bennett,The Classics
vocal,Chris Botti,Live in Boston
vocal,Rosemary Clooney,A Touch of Tabasco
vocal,Frank Sinatra,No One Cares
vocal,Andrea Bocelli,The Best of Andrea Bocelli: Vivere
vocal,Frank Sinatra,The Best of the Columbia Years: 1943
vocal,Count Basie,Sinatra
vocal,Madeleine Peyroux,Bare Bones
vocal,Tony Bennett,I Left My Heart in San Francisco
vocal,Tony Bennett,The Best of the Improv Recordings
vocal,Frank Sinatra,Watertown
vocal,Frank Sinatra,Frank Sinatra's Greatest Hits!
vocal,Dean Martin,Collected Cool
vocal,Frank Sinatra,Sinatra 80th: All the Best
vocal,Antonio Carlos Jobim,Francis Albert Sinatra & Antonio Carlos Jobim
vocal,Tommy Dorsey,The Voice of the Century
vocal,Frank Sinatra,Sinatra's Swingin' Session!!! And More
vocal,Frank Sinatra,Sings His Greatest Hits
vocal,Frank Sinatra,Classic Sinatra: His Greatest Performances 1953
vocal,Tony Bennett,The Essential Tony Bennett [Columbia/Legacy]
vocal,Tom Jones,Praise & Blame
vocal,Tony Bennett,The Tony Bennett/Bill Evans Album
vocal,Frank Sinatra,Gold [AMW/EMI]
vocal,Frank Sinatra,The Capitol Years
vocal,Ella Fitzgerald,The Voice of Jazz
vocal,Frank Sinatra,A Man and His Music, Vol. 1
vocal,Frank Sinatra,Capitol Collectors Series
vocal,Frank Sinatra,Close to You and More
vocal,Frank Sinatra,The Best of the Capitol Years
vocal,Tony Bennett,Snowfall: The Tony Bennett Christmas Album
vocal,Tommy Dorsey Orchestra,Young Blue Eyes: Birth of a Crooner
vocal,Frank Sinatra,Sinatra Reprise: The Very Good Years
vocal,Dean Martin,Icon: My Kind of Christmas
vocal,Frank Sinatra,Sinatra Sings Cole Porter
vocal,Frank Sinatra,Swing and Dance with Frank Sinatra
vocal,Frank Sinatra,The Voice of Frank Sinatra
vocal,Ella Fitzgerald,The Best of Twelve Nights in Hollywood
vocal,Ella Fitzgerald,1954
vocal,Frank Sinatra,The Essential Frank Sinatra with the Tommy Dorsey Orchestra
vocal,Frank Sinatra,Live in Australia 1959
vocal,Frank Sinatra,The Sinatra Christmas Album
vocal,Louis Armstrong,Porgy & Bess with Ella Fitzgerald & Louis Armstrong
vocal,Frank Sinatra,The Voice
vocal,Frank Sinatra,The Complete Reprise Studio Recordings
vocal,Frank Sinatra,Classic Sinatra II
vocal,Frank Sinatra,Romance: Songs from the Heart
